arquivo,sinal,pessoa,rep,fonte,origem,bytes,validado,estado
pessoaM01_sinal-acontecer_rep01.mp4,acontecer,M01,01,minds,01AcontecerSinalizador01-1.mp4,34098608,sim,baixado
pessoaM01_sinal-acontecer_rep02.mp4,acontecer,M01,02,minds,01AcontecerSinalizador01-2.mp4,41654164,sim,baixado
pessoaM01_sinal-acontecer_rep03.mp4,acontecer,M01,03,minds,01AcontecerSinalizador01-3.mp4,38923027,sim,baixado
pessoaM01_sinal-acontecer_rep04.mp4,acontecer,M01,04,minds,01AcontecerSinalizador01-4.mp4,39189987,sim,baixado
pessoaM01_sinal-acontecer_rep05.mp4,acontecer,M01,05,minds,01AcontecerSinalizador01-5.mp4,42192980,sim,baixado
pessoaM02_sinal-acontecer_rep01.mp4,acontecer,M02,01,minds,01AcontecerSinalizador02-1.mp4,31721415,sim,baixado
pessoaM02_sinal-acontecer_rep02.mp4,acontecer,M02,02,minds,01AcontecerSinalizador02-2.mp4,39968606,sim,baixado
pessoaM02_sinal-acontecer_rep03.mp4,acontecer,M02,03,minds,01AcontecerSinalizador02-3.mp4,35141309,sim,baixado
pessoaM02_sinal-acontecer_rep04.mp4,acontecer,M02,04,minds,01AcontecerSinalizador02-4.mp4,46076799,sim,baixado
pessoaM02_sinal-acontecer_rep05.mp4,acontecer,M02,05,minds,01AcontecerSinalizador02-5.mp4,35965163,sim,baixado
pessoaM05_sinal-acontecer_rep01.mp4,acontecer,M05,01,minds,01AcontecerSinalizador05-1.mp4,55129398,sim,baixado
pessoaM05_sinal-acontecer_rep02.mp4,acontecer,M05,02,minds,01AcontecerSinalizador05-2.mp4,46287687,sim,baixado
pessoaM05_sinal-acontecer_rep03.mp4,acontecer,M05,03,minds,01AcontecerSinalizador05-3.mp4,50975254,sim,baixado
pessoaM05_sinal-acontecer_rep04.mp4,acontecer,M05,04,minds,01AcontecerSinalizador05-4.mp4,53320181,sim,baixado
pessoaM05_sinal-acontecer_rep05.mp4,acontecer,M05,05,minds,01AcontecerSinalizador05-5.mp4,41343186,sim,baixado
pessoaM06_sinal-acontecer_rep01.mp4,acontecer,M06,01,minds,01AcontecerSinalizador06-1.mp4,48934454,sim,baixado
pessoaM06_sinal-acontecer_rep02.mp4,acontecer,M06,02,minds,01AcontecerSinalizador06-2.mp4,67242061,sim,baixado
pessoaM06_sinal-acontecer_rep03.mp4,acontecer,M06,03,minds,01AcontecerSinalizador06-3.mp4,69464175,sim,baixado
pessoaM06_sinal-acontecer_rep04.mp4,acontecer,M06,04,minds,01AcontecerSinalizador06-4.mp4,55680754,sim,baixado
pessoaM06_sinal-acontecer_rep05.mp4,acontecer,M06,05,minds,01AcontecerSinalizador06-5.mp4,48095204,sim,baixado
pessoaM08_sinal-acontecer_rep01.mp4,acontecer,M08,01,minds,01AcontecerSinalizador08-1.mp4,35964794,sim,baixado
pessoaM08_sinal-acontecer_rep02.mp4,acontecer,M08,02,minds,01AcontecerSinalizador08-2.mp4,43023952,sim,baixado
pessoaM08_sinal-acontecer_rep03.mp4,acontecer,M08,03,minds,01AcontecerSinalizador08-3.mp4,35520713,sim,baixado
pessoaM08_sinal-acontecer_rep04.mp4,acontecer,M08,04,minds,01AcontecerSinalizador08-4.mp4,40918020,sim,baixado
pessoaM08_sinal-acontecer_rep05.mp4,acontecer,M08,05,minds,01AcontecerSinalizador08-5.mp4,46659490,sim,baixado
pessoaM10_sinal-acontecer_rep01.mp4,acontecer,M10,01,minds,01AcontecerSinalizador10-1.mp4,41458174,sim,baixado
pessoaM10_sinal-acontecer_rep02.mp4,acontecer,M10,02,minds,01AcontecerSinalizador10-2.mp4,40639820,sim,baixado
pessoaM10_sinal-acontecer_rep03.mp4,acontecer,M10,03,minds,01AcontecerSinalizador10-3.mp4,56359830,sim,baixado
pessoaM10_sinal-acontecer_rep04.mp4,acontecer,M10,04,minds,01AcontecerSinalizador10-4.mp4,42412854,sim,baixado
pessoaM10_sinal-acontecer_rep05.mp4,acontecer,M10,05,minds,01AcontecerSinalizador10-5.mp4,43689983,sim,baixado
pessoaM11_sinal-acontecer_rep01.mp4,acontecer,M11,01,minds,01AcontecerSinalizador11-1.mp4,77155312,sim,baixado
pessoaM11_sinal-acontecer_rep02.mp4,acontecer,M11,02,minds,01AcontecerSinalizador11-2.mp4,70200937,sim,baixado
pessoaM11_sinal-acontecer_rep03.mp4,acontecer,M11,03,minds,01AcontecerSinalizador11-3.mp4,82838291,sim,baixado
pessoaM11_sinal-acontecer_rep04.mp4,acontecer,M11,04,minds,01AcontecerSinalizador11-4.mp4,82750741,sim,baixado
pessoaM11_sinal-acontecer_rep05.mp4,acontecer,M11,05,minds,01AcontecerSinalizador11-5.mp4,52326789,sim,baixado
pessoaM12_sinal-acontecer_rep01.mp4,acontecer,M12,01,minds,01AcontecerSinalizador12-1.mp4,71746741,sim,baixado
pessoaM12_sinal-acontecer_rep02.mp4,acontecer,M12,02,minds,01AcontecerSinalizador12-2.mp4,65323010,sim,baixado
pessoaM12_sinal-acontecer_rep03.mp4,acontecer,M12,03,minds,01AcontecerSinalizador12-3.mp4,83417363,sim,baixado
pessoaM12_sinal-acontecer_rep04.mp4,acontecer,M12,04,minds,01AcontecerSinalizador12-4.mp4,76586143,sim,baixado
pessoaM12_sinal-acontecer_rep05.mp4,acontecer,M12,05,minds,01AcontecerSinalizador12-5.mp4,74108098,sim,baixado
pessoaV01_sinal-acontecer_rep01.mp4,acontecer,V01,01,vlibrasil,videos UFPE (V-LIBRASIL)/data/Acontecer_Articulador1.mp4,4681665,sim,baixado
pessoaV02_sinal-acontecer_rep01.mp4,acontecer,V02,01,vlibrasil,videos UFPE (V-LIBRASIL)/data/Acontecer_Articulador2.mp4,1651253,sim,baixado
pessoaV03_sinal-acontecer_rep01.mp4,acontecer,V03,01,vlibrasil,videos UFPE (V-LIBRASIL)/data/Acontecer_Articulador3.mp4,1145607,sim,baixado
pessoaM01_sinal-amarelo_rep01.mp4,amarelo,M01,01,minds,03AmareloSinalizador01-1.mp4,52045711,sim,baixado
pessoaM01_sinal-amarelo_rep02.mp4,amarelo,M01,02,minds,03AmareloSinalizador01-2.mp4,58045602,sim,baixado
pessoaM01_sinal-amarelo_rep03.mp4,amarelo,M01,03,minds,03AmareloSinalizador01-3.mp4,44537871,sim,baixado
pessoaM01_sinal-amarelo_rep04.mp4,amarelo,M01,04,minds,03AmareloSinalizador01-4.mp4,51269599,sim,baixado
pessoaM01_sinal-amarelo_rep05.mp4,amarelo,M01,05,minds,03AmareloSinalizador01-5.mp4,46289898,sim,baixado
pessoaM02_sinal-amarelo_rep01.mp4,amarelo,M02,01,minds,03AmareloSinalizador02-1.mp4,39906006,sim,baixado
pessoaM02_sinal-amarelo_rep02.mp4,amarelo,M02,02,minds,03AmareloSinalizador02-2.mp4,52423582,sim,baixado
pessoaM02_sinal-amarelo_rep03.mp4,amarelo,M02,03,minds,03AmareloSinalizador02-3.mp4,49179809,sim,baixado
pessoaM02_sinal-amarelo_rep04.mp4,amarelo,M02,04,minds,03AmareloSinalizador02-4.mp4,51812321,sim,baixado
pessoaM02_sinal-amarelo_rep05.mp4,amarelo,M02,05,minds,03AmareloSinalizador02-5.mp4,33895275,sim,baixado
pessoaM05_sinal-amarelo_rep01.mp4,amarelo,M05,01,minds,03AmareloSinalizador05-1.mp4,69539905,sim,baixado
pessoaM05_sinal-amarelo_rep02.mp4,amarelo,M05,02,minds,03AmareloSinalizador05-2.mp4,61078082,sim,baixado
pessoaM05_sinal-amarelo_rep03.mp4,amarelo,M05,03,minds,03AmareloSinalizador05-3.mp4,42919268,sim,baixado
pessoaM05_sinal-amarelo_rep04.mp4,amarelo,M05,04,minds,03AmareloSinalizador05-4.mp4,42030840,sim,baixado
pessoaM05_sinal-amarelo_rep05.mp4,amarelo,M05,05,minds,03AmareloSinalizador05-5.mp4,50350802,sim,baixado
pessoaM06_sinal-amarelo_rep01.mp4,amarelo,M06,01,minds,03AmareloSinalizador06-1.mp4,72012898,sim,baixado
pessoaM06_sinal-amarelo_rep02.mp4,amarelo,M06,02,minds,03AmareloSinalizador06-2.mp4,61511529,sim,baixado
pessoaM06_sinal-amarelo_rep03.mp4,amarelo,M06,03,minds,03AmareloSinalizador06-3.mp4,62261398,sim,baixado
pessoaM06_sinal-amarelo_rep04.mp4,amarelo,M06,04,minds,03AmareloSinalizador06-4.mp4,63361358,sim,baixado
pessoaM06_sinal-amarelo_rep05.mp4,amarelo,M06,05,minds,03AmareloSinalizador06-5.mp4,68920656,sim,baixado
pessoaM08_sinal-amarelo_rep01.mp4,amarelo,M08,01,minds,03AmareloSinalizador08-1.mp4,47833770,sim,baixado
pessoaM08_sinal-amarelo_rep02.mp4,amarelo,M08,02,minds,03AmareloSinalizador08-2.mp4,45188499,sim,baixado
pessoaM08_sinal-amarelo_rep03.mp4,amarelo,M08,03,minds,03AmareloSinalizador08-3.mp4,49310466,sim,baixado
pessoaM08_sinal-amarelo_rep04.mp4,amarelo,M08,04,minds,03AmareloSinalizador08-4.mp4,42713761,sim,baixado
pessoaM08_sinal-amarelo_rep05.mp4,amarelo,M08,05,minds,03AmareloSinalizador08-5.mp4,48180440,sim,baixado
pessoaM10_sinal-amarelo_rep01.mp4,amarelo,M10,01,minds,03AmareloSinalizador10-1.mp4,47404287,sim,baixado
pessoaM10_sinal-amarelo_rep02.mp4,amarelo,M10,02,minds,03AmareloSinalizador10-2.mp4,63308008,sim,baixado
pessoaM10_sinal-amarelo_rep03.mp4,amarelo,M10,03,minds,03AmareloSinalizador10-3.mp4,54548066,sim,baixado
pessoaM10_sinal-amarelo_rep04.mp4,amarelo,M10,04,minds,03AmareloSinalizador10-4.mp4,59749675,sim,baixado
pessoaM10_sinal-amarelo_rep05.mp4,amarelo,M10,05,minds,03AmareloSinalizador10-5.mp4,50654162,sim,baixado
pessoaM11_sinal-amarelo_rep01.mp4,amarelo,M11,01,minds,03AmareloSinalizador11-1.mp4,97081956,sim,baixado
pessoaM11_sinal-amarelo_rep02.mp4,amarelo,M11,02,minds,03AmareloSinalizador11-2.mp4,108560557,sim,baixado
pessoaM11_sinal-amarelo_rep03.mp4,amarelo,M11,03,minds,03AmareloSinalizador11-3.mp4,101745658,sim,baixado
pessoaM11_sinal-amarelo_rep04.mp4,amarelo,M11,04,minds,03AmareloSinalizador11-4.mp4,114161979,sim,baixado
pessoaM11_sinal-amarelo_rep05.mp4,amarelo,M11,05,minds,03AmareloSinalizador11-5.mp4,95943580,sim,baixado
pessoaM12_sinal-amarelo_rep01.mp4,amarelo,M12,01,minds,03AmareloSinalizador12-1.mp4,102030818,sim,baixado
pessoaM12_sinal-amarelo_rep02.mp4,amarelo,M12,02,minds,03AmareloSinalizador12-2.mp4,79542663,sim,baixado
pessoaM12_sinal-amarelo_rep03.mp4,amarelo,M12,03,minds,03AmareloSinalizador12-3.mp4,95196059,sim,baixado
pessoaM12_sinal-amarelo_rep04.mp4,amarelo,M12,04,minds,03AmareloSinalizador12-4.mp4,77420517,sim,baixado
pessoaM12_sinal-amarelo_rep05.mp4,amarelo,M12,05,minds,03AmareloSinalizador12-5.mp4,83053262,sim,baixado
pessoaV01_sinal-amarelo_rep01.mp4,amarelo,V01,01,vlibrasil,videos UFPE (V-LIBRASIL)/data/Amarelo_Articulador1.mp4,1023176,sim,baixado
pessoaV02_sinal-amarelo_rep01.mp4,amarelo,V02,01,vlibrasil,videos UFPE (V-LIBRASIL)/data/Amarelo_Articulador2.mp4,1210961,sim,baixado
pessoaV03_sinal-amarelo_rep01.mp4,amarelo,V03,01,vlibrasil,videos UFPE (V-LIBRASIL)/data/Amarelo_Articulador3.mp4,3824611,sim,baixado
pessoaM01_sinal-banheiro_rep01.mp4,banheiro,M01,01,minds,08BanheiroSinalizador01-1.mp4,36919436,sim,baixado
pessoaM01_sinal-banheiro_rep02.mp4,banheiro,M01,02,minds,08BanheiroSinalizador01-2.mp4,47838660,sim,baixado
pessoaM01_sinal-banheiro_rep03.mp4,banheiro,M01,03,minds,08BanheiroSinalizador01-3.mp4,63105112,sim,baixado
pessoaM01_sinal-banheiro_rep04.mp4,banheiro,M01,04,minds,08BanheiroSinalizador01-4.mp4,47144361,sim,baixado
pessoaM01_sinal-banheiro_rep05.mp4,banheiro,M01,05,minds,08BanheiroSinalizador01-5.mp4,46238799,sim,baixado
pessoaM02_sinal-banheiro_rep01.mp4,banheiro,M02,01,minds,08BanheiroSinalizador02-1.mp4,48270800,sim,baixado
pessoaM02_sinal-banheiro_rep02.mp4,banheiro,M02,02,minds,08BanheiroSinalizador02-2.mp4,63140379,sim,baixado
pessoaM02_sinal-banheiro_rep03.mp4,banheiro,M02,03,minds,08BanheiroSinalizador02-3.mp4,41706569,sim,baixado
pessoaM02_sinal-banheiro_rep04.mp4,banheiro,M02,04,minds,08BanheiroSinalizador02-4.mp4,48258178,sim,baixado
pessoaM02_sinal-banheiro_rep05.mp4,banheiro,M02,05,minds,08BanheiroSinalizador02-5.mp4,48905892,sim,baixado
pessoaM05_sinal-banheiro_rep01.mp4,banheiro,M05,01,minds,08BanheiroSinalizador05-1.mp4,56850718,sim,baixado
pessoaM05_sinal-banheiro_rep02.mp4,banheiro,M05,02,minds,08BanheiroSinalizador05-2.mp4,50289127,sim,baixado
pessoaM05_sinal-banheiro_rep03.mp4,banheiro,M05,03,minds,08BanheiroSinalizador05-3.mp4,64676035,sim,baixado
pessoaM05_sinal-banheiro_rep04.mp4,banheiro,M05,04,minds,08BanheiroSinalizador05-4.mp4,53891978,sim,baixado
pessoaM05_sinal-banheiro_rep05.mp4,banheiro,M05,05,minds,08BanheiroSinalizador05-5.mp4,51072250,sim,baixado
pessoaM06_sinal-banheiro_rep01.mp4,banheiro,M06,01,minds,08BanheiroSinalizador06-1.mp4,66175912,sim,baixado
pessoaM06_sinal-banheiro_rep02.mp4,banheiro,M06,02,minds,08BanheiroSinalizador06-2.mp4,80591020,sim,baixado
pessoaM06_sinal-banheiro_rep03.mp4,banheiro,M06,03,minds,08BanheiroSinalizador06-3.mp4,75674338,sim,baixado
pessoaM06_sinal-banheiro_rep04.mp4,banheiro,M06,04,minds,08BanheiroSinalizador06-4.mp4,83256823,sim,baixado
pessoaM06_sinal-banheiro_rep05.mp4,banheiro,M06,05,minds,08BanheiroSinalizador06-5.mp4,74950172,sim,baixado
pessoaM08_sinal-banheiro_rep01.mp4,banheiro,M08,01,minds,08BanheiroSinalizador08-1.mp4,49195589,sim,baixado
pessoaM08_sinal-banheiro_rep02.mp4,banheiro,M08,02,minds,08BanheiroSinalizador08-2.mp4,46767839,sim,baixado
pessoaM08_sinal-banheiro_rep03.mp4,banheiro,M08,03,minds,08BanheiroSinalizador08-3.mp4,46870011,sim,baixado
pessoaM08_sinal-banheiro_rep04.mp4,banheiro,M08,04,minds,08BanheiroSinalizador08-4.mp4,46493172,sim,baixado
pessoaM08_sinal-banheiro_rep05.mp4,banheiro,M08,05,minds,08BanheiroSinalizador08-5.mp4,54774582,sim,baixado
pessoaM10_sinal-banheiro_rep01.mp4,banheiro,M10,01,minds,08BanheiroSinalizador10-1.mp4,37293273,sim,baixado
pessoaM10_sinal-banheiro_rep02.mp4,banheiro,M10,02,minds,08BanheiroSinalizador10-2.mp4,46548675,sim,baixado
pessoaM10_sinal-banheiro_rep03.mp4,banheiro,M10,03,minds,08BanheiroSinalizador10-3.mp4,44670441,sim,baixado
pessoaM10_sinal-banheiro_rep04.mp4,banheiro,M10,04,minds,08BanheiroSinalizador10-4.mp4,37772092,sim,baixado
pessoaM10_sinal-banheiro_rep05.mp4,banheiro,M10,05,minds,08BanheiroSinalizador10-5.mp4,40462262,sim,baixado
pessoaM11_sinal-banheiro_rep01.mp4,banheiro,M11,01,minds,08BanheiroSinalizador11-1.mp4,78729971,sim,baixado
pessoaM11_sinal-banheiro_rep02.mp4,banheiro,M11,02,minds,08BanheiroSinalizador11-2.mp4,81213346,sim,baixado
pessoaM11_sinal-banheiro_rep03.mp4,banheiro,M11,03,minds,08BanheiroSinalizador11-3.mp4,95174931,sim,baixado
pessoaM11_sinal-banheiro_rep04.mp4,banheiro,M11,04,minds,08BanheiroSinalizador11-4.mp4,76403958,sim,baixado
pessoaM11_sinal-banheiro_rep05.mp4,banheiro,M11,05,minds,08BanheiroSinalizador11-5.mp4,79838755,sim,baixado
pessoaM12_sinal-banheiro_rep01.mp4,banheiro,M12,01,minds,08BanheiroSinalizador12-1.mp4,110084208,sim,baixado
pessoaM12_sinal-banheiro_rep02.mp4,banheiro,M12,02,minds,08BanheiroSinalizador12-2.mp4,99859927,sim,baixado
pessoaM12_sinal-banheiro_rep03.mp4,banheiro,M12,03,minds,08BanheiroSinalizador12-3.mp4,93416666,sim,baixado
pessoaM12_sinal-banheiro_rep04.mp4,banheiro,M12,04,minds,08BanheiroSinalizador12-4.mp4,89728014,sim,baixado
pessoaM12_sinal-banheiro_rep05.mp4,banheiro,M12,05,minds,08BanheiroSinalizador12-5.mp4,85572360,sim,baixado
pessoaV01_sinal-banheiro_rep01.mp4,banheiro,V01,01,vlibrasil,videos UFPE (V-LIBRASIL)/data/Banheiro_Articulador1.mp4,3591709,sim,baixado
pessoaV02_sinal-banheiro_rep01.mp4,banheiro,V02,01,vlibrasil,videos UFPE (V-LIBRASIL)/data/Banheiro_Articulador2.mp4,3721036,sim,baixado
pessoaV03_sinal-banheiro_rep01.mp4,banheiro,V03,01,vlibrasil,videos UFPE (V-LIBRASIL)/data/Banheiro_Articulador3.mp4,674649,sim,baixado
pessoaM01_sinal-barulho_rep01.mp4,barulho,M01,01,minds,09BarulhoSinalizador01-1.mp4,42283264,sim,baixado
pessoaM01_sinal-barulho_rep02.mp4,barulho,M01,02,minds,09BarulhoSinalizador01-2.mp4,61919908,sim,baixado
pessoaM01_sinal-barulho_rep03.mp4,barulho,M01,03,minds,09BarulhoSinalizador01-3.mp4,53228475,sim,baixado
pessoaM01_sinal-barulho_rep04.mp4,barulho,M01,04,minds,09BarulhoSinalizador01-4.mp4,51039035,sim,baixado
pessoaM01_sinal-barulho_rep05.mp4,barulho,M01,05,minds,09BarulhoSinalizador01-5.mp4,52746010,sim,baixado
pessoaM02_sinal-barulho_rep01.mp4,barulho,M02,01,minds,09BarulhoSinalizador02-1.mp4,40673870,sim,baixado
pessoaM02_sinal-barulho_rep02.mp4,barulho,M02,02,minds,09BarulhoSinalizador02-2.mp4,39898688,sim,baixado
pessoaM02_sinal-barulho_rep03.mp4,barulho,M02,03,minds,09BarulhoSinalizador02-3.mp4,42777524,sim,baixado
pessoaM02_sinal-barulho_rep04.mp4,barulho,M02,04,minds,09BarulhoSinalizador02-4.mp4,41664194,sim,baixado
pessoaM02_sinal-barulho_rep05.mp4,barulho,M02,05,minds,09BarulhoSinalizador02-5.mp4,41532356,sim,baixado
pessoaM05_sinal-barulho_rep01.mp4,barulho,M05,01,minds,09BarulhoSinalizador05-1.mp4,40157569,sim,baixado
pessoaM05_sinal-barulho_rep02.mp4,barulho,M05,02,minds,09BarulhoSinalizador05-2.mp4,44956230,sim,baixado
pessoaM05_sinal-barulho_rep03.mp4,barulho,M05,03,minds,09BarulhoSinalizador05-3.mp4,49702824,sim,baixado
pessoaM05_sinal-barulho_rep04.mp4,barulho,M05,04,minds,09BarulhoSinalizador05-4.mp4,52474979,sim,baixado
pessoaM05_sinal-barulho_rep05.mp4,barulho,M05,05,minds,09BarulhoSinalizador05-5.mp4,43393451,sim,baixado
pessoaM06_sinal-barulho_rep01.mp4,barulho,M06,01,minds,09BarulhoSinalizador06-1.mp4,64539067,sim,baixado
pessoaM06_sinal-barulho_rep02.mp4,barulho,M06,02,minds,09BarulhoSinalizador06-2.mp4,68584186,sim,baixado
pessoaM06_sinal-barulho_rep03.mp4,barulho,M06,03,minds,09BarulhoSinalizador06-3.mp4,61720392,sim,baixado
pessoaM06_sinal-barulho_rep04.mp4,barulho,M06,04,minds,09BarulhoSinalizador06-4.mp4,73056681,sim,baixado
pessoaM06_sinal-barulho_rep05.mp4,barulho,M06,05,minds,09BarulhoSinalizador06-5.mp4,60756901,sim,baixado
pessoaM08_sinal-barulho_rep01.mp4,barulho,M08,01,minds,09BarulhoSinalizador08-1.mp4,53991947,sim,baixado
pessoaM08_sinal-barulho_rep02.mp4,barulho,M08,02,minds,09BarulhoSinalizador08-2.mp4,67184916,sim,baixado
pessoaM08_sinal-barulho_rep03.mp4,barulho,M08,03,minds,09BarulhoSinalizador08-3.mp4,60529591,sim,baixado
pessoaM08_sinal-barulho_rep04.mp4,barulho,M08,04,minds,09BarulhoSinalizador08-4.mp4,75192414,sim,baixado
pessoaM08_sinal-barulho_rep05.mp4,barulho,M08,05,minds,09BarulhoSinalizador08-5.mp4,70251817,sim,baixado
pessoaM10_sinal-barulho_rep01.mp4,barulho,M10,01,minds,09BarulhoSinalizador10-1.mp4,62157577,sim,baixado
pessoaM10_sinal-barulho_rep02.mp4,barulho,M10,02,minds,09BarulhoSinalizador10-2.mp4,53293809,sim,baixado
pessoaM10_sinal-barulho_rep03.mp4,barulho,M10,03,minds,09BarulhoSinalizador10-3.mp4,60566060,sim,baixado
pessoaM10_sinal-barulho_rep04.mp4,barulho,M10,04,minds,09BarulhoSinalizador10-4.mp4,64374967,sim,baixado
pessoaM10_sinal-barulho_rep05.mp4,barulho,M10,05,minds,09BarulhoSinalizador10-5.mp4,59810484,sim,baixado
pessoaM11_sinal-barulho_rep01.mp4,barulho,M11,01,minds,09BarulhoSinalizador11-1.mp4,87477447,sim,baixado
pessoaM11_sinal-barulho_rep02.mp4,barulho,M11,02,minds,09BarulhoSinalizador11-2.mp4,104644142,sim,baixado
pessoaM11_sinal-barulho_rep03.mp4,barulho,M11,03,minds,09BarulhoSinalizador11-3.mp4,94721136,sim,baixado
pessoaM11_sinal-barulho_rep04.mp4,barulho,M11,04,minds,09BarulhoSinalizador11-4.mp4,92645404,sim,baixado
pessoaM11_sinal-barulho_rep05.mp4,barulho,M11,05,minds,09BarulhoSinalizador11-5.mp4,93602690,sim,baixado
pessoaM12_sinal-barulho_rep01.mp4,barulho,M12,01,minds,09BarulhoSinalizador12-1.mp4,82661451,sim,baixado
pessoaM12_sinal-barulho_rep02.mp4,barulho,M12,02,minds,09BarulhoSinalizador12-2.mp4,80387126,sim,baixado
pessoaM12_sinal-barulho_rep03.mp4,barulho,M12,03,minds,09BarulhoSinalizador12-3.mp4,91000319,sim,baixado
pessoaM12_sinal-barulho_rep04.mp4,barulho,M12,04,minds,09BarulhoSinalizador12-4.mp4,76622426,sim,baixado
pessoaM12_sinal-barulho_rep05.mp4,barulho,M12,05,minds,09BarulhoSinalizador12-5.mp4,90189628,sim,baixado
pessoaV01_sinal-barulho_rep01.mp4,barulho,V01,01,vlibrasil,videos UFPE (V-LIBRASIL)/data/Barulho_Articulador1.mp4,3441837,sim,baixado
pessoaV02_sinal-barulho_rep01.mp4,barulho,V02,01,vlibrasil,videos UFPE (V-LIBRASIL)/data/Barulho_Articulador2.mp4,1245937,sim,baixado
pessoaV03_sinal-barulho_rep01.mp4,barulho,V03,01,vlibrasil,videos UFPE (V-LIBRASIL)/data/Barulho_Articulador3.mp4,3692362,sim,baixado
pessoaM01_sinal-espelho_rep01.mp4,espelho,M01,01,minds,12EspelhoSinalizador01-1.mp4,62794091,sim,baixado
pessoaM01_sinal-espelho_rep02.mp4,espelho,M01,02,minds,12EspelhoSinalizador01-2.mp4,46227151,sim,baixado
pessoaM01_sinal-espelho_rep03.mp4,espelho,M01,03,minds,12EspelhoSinalizador01-3.mp4,47267643,sim,baixado
pessoaM01_sinal-espelho_rep04.mp4,espelho,M01,04,minds,12EspelhoSinalizador01-4.mp4,37688398,sim,baixado
pessoaM01_sinal-espelho_rep05.mp4,espelho,M01,05,minds,12EspelhoSinalizador01-5.mp4,44933299,sim,baixado
pessoaM02_sinal-espelho_rep01.mp4,espelho,M02,01,minds,12EspelhoSinalizador02-1.mp4,47624908,sim,baixado
pessoaM02_sinal-espelho_rep02.mp4,espelho,M02,02,minds,12EspelhoSinalizador02-2.mp4,44665944,sim,baixado
pessoaM02_sinal-espelho_rep03.mp4,espelho,M02,03,minds,12EspelhoSinalizador02-3.mp4,54159767,sim,baixado
pessoaM02_sinal-espelho_rep04.mp4,espelho,M02,04,minds,12EspelhoSinalizador02-4.mp4,53698691,sim,baixado
pessoaM02_sinal-espelho_rep05.mp4,espelho,M02,05,minds,12EspelhoSinalizador02-5.mp4,56470790,sim,baixado
pessoaM05_sinal-espelho_rep01.mp4,espelho,M05,01,minds,12EspelhoSinalizador05-1.mp4,51679231,sim,baixado
pessoaM05_sinal-espelho_rep02.mp4,espelho,M05,02,minds,12EspelhoSinalizador05-2.mp4,54203143,sim,baixado
pessoaM05_sinal-espelho_rep03.mp4,espelho,M05,03,minds,12EspelhoSinalizador05-3.mp4,69410142,sim,baixado
pessoaM05_sinal-espelho_rep04.mp4,espelho,M05,04,minds,12EspelhoSinalizador05-4.mp4,50874946,sim,baixado
pessoaM05_sinal-espelho_rep05.mp4,espelho,M05,05,minds,12EspelhoSinalizador05-5.mp4,51834681,sim,baixado
pessoaM06_sinal-espelho_rep01.mp4,espelho,M06,01,minds,12EspelhoSinalizador06-1.mp4,59250605,sim,baixado
pessoaM06_sinal-espelho_rep02.mp4,espelho,M06,02,minds,12EspelhoSinalizador06-2.mp4,63851525,sim,baixado
pessoaM06_sinal-espelho_rep03.mp4,espelho,M06,03,minds,12EspelhoSinalizador06-3.mp4,66285545,sim,baixado
pessoaM06_sinal-espelho_rep04.mp4,espelho,M06,04,minds,12EspelhoSinalizador06-4.mp4,66578341,sim,baixado
pessoaM06_sinal-espelho_rep05.mp4,espelho,M06,05,minds,12EspelhoSinalizador06-5.mp4,69717655,sim,baixado
pessoaM08_sinal-espelho_rep01.mp4,espelho,M08,01,minds,12EspelhoSinalizador08-1.mp4,57230620,sim,baixado
pessoaM08_sinal-espelho_rep02.mp4,espelho,M08,02,minds,12EspelhoSinalizador08-2.mp4,46556290,sim,baixado
pessoaM08_sinal-espelho_rep03.mp4,espelho,M08,03,minds,12EspelhoSinalizador08-3.mp4,52208160,sim,baixado
pessoaM08_sinal-espelho_rep04.mp4,espelho,M08,04,minds,12EspelhoSinalizador08-4.mp4,43992967,sim,baixado
pessoaM08_sinal-espelho_rep05.mp4,espelho,M08,05,minds,12EspelhoSinalizador08-5.mp4,46511452,sim,baixado
pessoaM10_sinal-espelho_rep01.mp4,espelho,M10,01,minds,12EspelhoSinalizador10-1.mp4,40678052,sim,baixado
pessoaM10_sinal-espelho_rep02.mp4,espelho,M10,02,minds,12EspelhoSinalizador10-2.mp4,49616903,sim,baixado
pessoaM10_sinal-espelho_rep03.mp4,espelho,M10,03,minds,12EspelhoSinalizador10-3.mp4,43077634,sim,baixado
pessoaM10_sinal-espelho_rep04.mp4,espelho,M10,04,minds,12EspelhoSinalizador10-4.mp4,56340816,sim,baixado
pessoaM10_sinal-espelho_rep05.mp4,espelho,M10,05,minds,12EspelhoSinalizador10-5.mp4,63239038,sim,baixado
pessoaM11_sinal-espelho_rep01.mp4,espelho,M11,01,minds,12EspelhoSinalizador11-1.mp4,53101127,sim,baixado
pessoaM11_sinal-espelho_rep02.mp4,espelho,M11,02,minds,12EspelhoSinalizador11-2.mp4,73269694,sim,baixado
pessoaM11_sinal-espelho_rep03.mp4,espelho,M11,03,minds,12EspelhoSinalizador11-3.mp4,94687541,sim,baixado
pessoaM11_sinal-espelho_rep04.mp4,espelho,M11,04,minds,12EspelhoSinalizador11-4.mp4,96118725,sim,baixado
pessoaM11_sinal-espelho_rep05.mp4,espelho,M11,05,minds,12EspelhoSinalizador11-5.mp4,81423235,sim,baixado
pessoaM12_sinal-espelho_rep01.mp4,espelho,M12,01,minds,12EspelhoSinalizador12-1.mp4,78722350,sim,baixado
pessoaM12_sinal-espelho_rep02.mp4,espelho,M12,02,minds,12EspelhoSinalizador12-2.mp4,101096182,sim,baixado
pessoaM12_sinal-espelho_rep03.mp4,espelho,M12,03,minds,12EspelhoSinalizador12-3.mp4,98371604,sim,baixado
pessoaM12_sinal-espelho_rep04.mp4,espelho,M12,04,minds,12EspelhoSinalizador12-4.mp4,97894918,sim,baixado
pessoaM12_sinal-espelho_rep05.mp4,espelho,M12,05,minds,12EspelhoSinalizador12-5.mp4,100442206,sim,baixado
pessoaV01_sinal-espelho_rep01.mp4,espelho,V01,01,vlibrasil,videos UFPE (V-LIBRASIL)/data/Espelho_Articulador1.mp4,3840814,sim,baixado
pessoaV02_sinal-espelho_rep01.mp4,espelho,V02,01,vlibrasil,videos UFPE (V-LIBRASIL)/data/Espelho_Articulador2.mp4,1323941,sim,baixado
pessoaV03_sinal-espelho_rep01.mp4,espelho,V03,01,vlibrasil,videos UFPE (V-LIBRASIL)/data/Espelho_Articulador3.mp4,787734,sim,baixado
pessoaM01_sinal-filho_rep01.mp4,filho,M01,01,minds,14FilhoSinalizador01-1.mp4,43884523,sim,baixado
pessoaM01_sinal-filho_rep02.mp4,filho,M01,02,minds,14FilhoSinalizador01-2.mp4,40356439,sim,baixado
pessoaM01_sinal-filho_rep03.mp4,filho,M01,03,minds,14FilhoSinalizador01-3.mp4,43416645,sim,baixado
pessoaM01_sinal-filho_rep04.mp4,filho,M01,04,minds,14FilhoSinalizador01-4.mp4,42750952,sim,baixado
pessoaM01_sinal-filho_rep05.mp4,filho,M01,05,minds,14FilhoSinalizador01-5.mp4,54539918,sim,baixado
pessoaM02_sinal-filho_rep01.mp4,filho,M02,01,minds,14FilhoSinalizador02-1.mp4,39187895,sim,baixado
pessoaM02_sinal-filho_rep02.mp4,filho,M02,02,minds,14FilhoSinalizador02-2.mp4,40024463,sim,baixado
pessoaM02_sinal-filho_rep03.mp4,filho,M02,03,minds,14FilhoSinalizador02-3.mp4,39897273,sim,baixado
pessoaM02_sinal-filho_rep04.mp4,filho,M02,04,minds,14FilhoSinalizador02-4.mp4,41325679,sim,baixado
pessoaM02_sinal-filho_rep05.mp4,filho,M02,05,minds,14FilhoSinalizador02-5.mp4,43811708,sim,baixado
pessoaM05_sinal-filho_rep01.mp4,filho,M05,01,minds,14FilhoSinalizador05-1.mp4,54293304,sim,baixado
pessoaM05_sinal-filho_rep02.mp4,filho,M05,02,minds,14FilhoSinalizador05-2.mp4,57174320,sim,baixado
pessoaM05_sinal-filho_rep03.mp4,filho,M05,03,minds,14FilhoSinalizador05-3.mp4,66150423,sim,baixado
pessoaM05_sinal-filho_rep04.mp4,filho,M05,04,minds,14FilhoSinalizador05-4.mp4,42834626,sim,baixado
pessoaM05_sinal-filho_rep05.mp4,filho,M05,05,minds,14FilhoSinalizador05-5.mp4,59209887,sim,baixado
pessoaM06_sinal-filho_rep01.mp4,filho,M06,01,minds,14FilhoSinalizador06-1.mp4,53846818,sim,baixado
pessoaM06_sinal-filho_rep02.mp4,filho,M06,02,minds,14FilhoSinalizador06-2.mp4,50905469,sim,baixado
pessoaM06_sinal-filho_rep03.mp4,filho,M06,03,minds,14FilhoSinalizador06-3.mp4,47089987,sim,baixado
pessoaM06_sinal-filho_rep04.mp4,filho,M06,04,minds,14FilhoSinalizador06-4.mp4,52194100,sim,baixado
pessoaM06_sinal-filho_rep05.mp4,filho,M06,05,minds,14FilhoSinalizador06-5.mp4,54455719,sim,baixado
pessoaM08_sinal-filho_rep01.mp4,filho,M08,01,minds,14FilhoSinalizador08-1.mp4,44853317,sim,baixado
pessoaM08_sinal-filho_rep02.mp4,filho,M08,02,minds,14FilhoSinalizador08-2.mp4,44228698,sim,baixado
pessoaM08_sinal-filho_rep03.mp4,filho,M08,03,minds,14FilhoSinalizador08-3.mp4,47895658,sim,baixado
pessoaM08_sinal-filho_rep04.mp4,filho,M08,04,minds,14FilhoSinalizador08-4.mp4,44884156,sim,baixado
pessoaM08_sinal-filho_rep05.mp4,filho,M08,05,minds,14FilhoSinalizador08-5.mp4,39540882,sim,baixado
pessoaM10_sinal-filho_rep01.mp4,filho,M10,01,minds,14FilhoSinalizador10-1.mp4,38872326,sim,baixado
pessoaM10_sinal-filho_rep02.mp4,filho,M10,02,minds,14FilhoSinalizador10-2.mp4,41627159,sim,baixado
pessoaM10_sinal-filho_rep03.mp4,filho,M10,03,minds,14FilhoSinalizador10-3.mp4,33785556,sim,baixado
pessoaM10_sinal-filho_rep04.mp4,filho,M10,04,minds,14FilhoSinalizador10-4.mp4,35049821,sim,baixado
pessoaM10_sinal-filho_rep05.mp4,filho,M10,05,minds,14FilhoSinalizador10-5.mp4,33965351,sim,baixado
pessoaM11_sinal-filho_rep01.mp4,filho,M11,01,minds,14FilhoSinalizador11-1.mp4,79365340,sim,baixado
pessoaM11_sinal-filho_rep02.mp4,filho,M11,02,minds,14FilhoSinalizador11-2.mp4,79105122,sim,baixado
pessoaM11_sinal-filho_rep03.mp4,filho,M11,03,minds,14FilhoSinalizador11-3.mp4,89114314,sim,baixado
pessoaM11_sinal-filho_rep04.mp4,filho,M11,04,minds,14FilhoSinalizador11-4.mp4,78952829,sim,baixado
pessoaM11_sinal-filho_rep05.mp4,filho,M11,05,minds,14FilhoSinalizador11-5.mp4,84716619,sim,baixado
pessoaM12_sinal-filho_rep01.mp4,filho,M12,01,minds,14FilhoSinalizador12-1.mp4,82516980,sim,baixado
pessoaM12_sinal-filho_rep02.mp4,filho,M12,02,minds,14FilhoSinalizador12-2.mp4,96327236,sim,baixado
pessoaM12_sinal-filho_rep03.mp4,filho,M12,03,minds,14FilhoSinalizador12-3.mp4,80149952,sim,baixado
pessoaM12_sinal-filho_rep04.mp4,filho,M12,04,minds,14FilhoSinalizador12-4.mp4,81271940,sim,baixado
pessoaM12_sinal-filho_rep05.mp4,filho,M12,05,minds,14FilhoSinalizador12-5.mp4,84446387,sim,baixado
pessoaV01_sinal-filho_rep01.mp4,filho,V01,01,vlibrasil,videos UFPE (V-LIBRASIL)/data/Filho_Articulador1.mp4,8109933,sim,baixado
pessoaV02_sinal-filho_rep01.mp4,filho,V02,01,vlibrasil,videos UFPE (V-LIBRASIL)/data/Filho_Articulador2.mp4,989408,sim,baixado
pessoaV03_sinal-filho_rep01.mp4,filho,V03,01,vlibrasil,videos UFPE (V-LIBRASIL)/data/Filho_Articulador3.mp4,3976546,sim,baixado
pessoaM01_sinal-maca_rep01.mp4,maca,M01,01,minds,15MacaSinalizador01-1.mp4,37807516,conferir,baixado
pessoaM01_sinal-maca_rep02.mp4,maca,M01,02,minds,15MacaSinalizador01-2.mp4,35415794,conferir,baixado
pessoaM01_sinal-maca_rep03.mp4,maca,M01,03,minds,15MacaSinalizador01-3.mp4,45186030,conferir,baixado
pessoaM01_sinal-maca_rep04.mp4,maca,M01,04,minds,15MacaSinalizador01-4.mp4,40400827,conferir,baixado
pessoaM01_sinal-maca_rep05.mp4,maca,M01,05,minds,15MacaSinalizador01-5.mp4,44762899,conferir,baixado
pessoaM02_sinal-maca_rep01.mp4,maca,M02,01,minds,15MacaSinalizador02-1.mp4,40265546,conferir,baixado
pessoaM02_sinal-maca_rep02.mp4,maca,M02,02,minds,15MacaSinalizador02-2.mp4,51953019,conferir,baixado
pessoaM02_sinal-maca_rep03.mp4,maca,M02,03,minds,15MacaSinalizador02-3.mp4,54074187,conferir,baixado
pessoaM02_sinal-maca_rep04.mp4,maca,M02,04,minds,15MacaSinalizador02-4.mp4,52663597,conferir,baixado
pessoaM02_sinal-maca_rep05.mp4,maca,M02,05,minds,15MacaSinalizador02-5.mp4,50598829,conferir,baixado
pessoaM05_sinal-maca_rep01.mp4,maca,M05,01,minds,15MacaSinalizador05-1.mp4,47536497,conferir,baixado
pessoaM05_sinal-maca_rep02.mp4,maca,M05,02,minds,15MacaSinalizador05-2.mp4,66286444,conferir,baixado
pessoaM05_sinal-maca_rep03.mp4,maca,M05,03,minds,15MacaSinalizador05-3.mp4,46154038,conferir,baixado
pessoaM05_sinal-maca_rep04.mp4,maca,M05,04,minds,15MacaSinalizador05-4.mp4,67784703,conferir,baixado
pessoaM05_sinal-maca_rep05.mp4,maca,M05,05,minds,15MacaSinalizador05-5.mp4,54397747,conferir,baixado
pessoaM06_sinal-maca_rep01.mp4,maca,M06,01,minds,15MacaSinalizador06-1.mp4,71470521,conferir,baixado
pessoaM06_sinal-maca_rep02.mp4,maca,M06,02,minds,15MacaSinalizador06-2.mp4,68928400,conferir,baixado
pessoaM06_sinal-maca_rep03.mp4,maca,M06,03,minds,15MacaSinalizador06-3.mp4,74099293,conferir,baixado
pessoaM06_sinal-maca_rep04.mp4,maca,M06,04,minds,15MacaSinalizador06-4.mp4,75324633,conferir,baixado
pessoaM06_sinal-maca_rep05.mp4,maca,M06,05,minds,15MacaSinalizador06-5.mp4,73355821,conferir,baixado
pessoaM08_sinal-maca_rep01.mp4,maca,M08,01,minds,15MacaSinalizador08-1.mp4,57873133,conferir,baixado
pessoaM08_sinal-maca_rep02.mp4,maca,M08,02,minds,15MacaSinalizador08-2.mp4,44000032,conferir,baixado
pessoaM08_sinal-maca_rep03.mp4,maca,M08,03,minds,15MacaSinalizador08-3.mp4,58845534,conferir,baixado
pessoaM08_sinal-maca_rep04.mp4,maca,M08,04,minds,15MacaSinalizador08-4.mp4,53996533,conferir,baixado
pessoaM08_sinal-maca_rep05.mp4,maca,M08,05,minds,15MacaSinalizador08-5.mp4,52889580,conferir,baixado
pessoaM10_sinal-maca_rep01.mp4,maca,M10,01,minds,15MacaSinalizador10-1.mp4,46177072,conferir,baixado
pessoaM10_sinal-maca_rep02.mp4,maca,M10,02,minds,15MacaSinalizador10-2.mp4,51485107,conferir,baixado
pessoaM10_sinal-maca_rep03.mp4,maca,M10,03,minds,15MacaSinalizador10-3.mp4,49270911,conferir,baixado
pessoaM10_sinal-maca_rep04.mp4,maca,M10,04,minds,15MacaSinalizador10-4.mp4,48389724,conferir,baixado
pessoaM10_sinal-maca_rep05.mp4,maca,M10,05,minds,15MacaSinalizador10-5.mp4,52796327,conferir,baixado
pessoaM11_sinal-maca_rep01.mp4,maca,M11,01,minds,15MacaSinalizador11-1.mp4,76846595,conferir,baixado
pessoaM11_sinal-maca_rep02.mp4,maca,M11,02,minds,15MacaSinalizador11-2.mp4,94571255,conferir,baixado
pessoaM11_sinal-maca_rep03.mp4,maca,M11,03,minds,15MacaSinalizador11-3.mp4,94209052,conferir,baixado
pessoaM11_sinal-maca_rep04.mp4,maca,M11,04,minds,15MacaSinalizador11-4.mp4,86987962,conferir,baixado
pessoaM11_sinal-maca_rep05.mp4,maca,M11,05,minds,15MacaSinalizador11-5.mp4,87912904,conferir,baixado
pessoaM12_sinal-maca_rep01.mp4,maca,M12,01,minds,15MacaSinalizador12-1.mp4,78114611,conferir,baixado
pessoaM12_sinal-maca_rep02.mp4,maca,M12,02,minds,15MacaSinalizador12-2.mp4,82325852,conferir,baixado
pessoaM12_sinal-maca_rep03.mp4,maca,M12,03,minds,15MacaSinalizador12-3.mp4,79625935,conferir,baixado
pessoaM12_sinal-maca_rep04.mp4,maca,M12,04,minds,15MacaSinalizador12-4.mp4,86805032,conferir,baixado
pessoaM12_sinal-maca_rep05.mp4,maca,M12,05,minds,15MacaSinalizador12-5.mp4,93208818,conferir,baixado
pessoaV01_sinal-maca_rep01.mp4,maca,V01,01,vlibrasil,videos UFPE (V-LIBRASIL)/data/Maçã (rosto)_Articulador1.mp4,4211587,conferir,baixado
pessoaV02_sinal-maca_rep01.mp4,maca,V02,01,vlibrasil,videos UFPE (V-LIBRASIL)/data/Maçã (rosto)_Articulador2.mp4,2767413,conferir,baixado
pessoaV03_sinal-maca_rep01.mp4,maca,V03,01,vlibrasil,videos UFPE (V-LIBRASIL)/data/Maçã (rosto)_Articulador3.mp4,654185,conferir,baixado
pessoaM01_sinal-medo_rep01.mp4,medo,M01,01,minds,16MedoSinalizador01-1.mp4,36493641,conferir,baixado
pessoaM01_sinal-medo_rep02.mp4,medo,M01,02,minds,16MedoSinalizador01-2.mp4,45760081,conferir,baixado
pessoaM01_sinal-medo_rep03.mp4,medo,M01,03,minds,16MedoSinalizador01-3.mp4,45411658,conferir,baixado
pessoaM01_sinal-medo_rep04.mp4,medo,M01,04,minds,16MedoSinalizador01-4.mp4,49994866,conferir,baixado
pessoaM01_sinal-medo_rep05.mp4,medo,M01,05,minds,16MedoSinalizador01-5.mp4,48019806,conferir,baixado
pessoaM02_sinal-medo_rep01.mp4,medo,M02,01,minds,16MedoSinalizador02-1.mp4,41645799,conferir,baixado
pessoaM02_sinal-medo_rep02.mp4,medo,M02,02,minds,16MedoSinalizador02-2.mp4,55629936,conferir,baixado
pessoaM02_sinal-medo_rep03.mp4,medo,M02,03,minds,16MedoSinalizador02-3.mp4,47140282,conferir,baixado
pessoaM02_sinal-medo_rep04.mp4,medo,M02,04,minds,16MedoSinalizador02-4.mp4,50450009,conferir,baixado
pessoaM02_sinal-medo_rep05.mp4,medo,M02,05,minds,16MedoSinalizador02-5.mp4,37857272,conferir,baixado
pessoaM05_sinal-medo_rep01.mp4,medo,M05,01,minds,16MedoSinalizador05-1.mp4,47362941,conferir,baixado
pessoaM05_sinal-medo_rep02.mp4,medo,M05,02,minds,16MedoSinalizador05-2.mp4,61547463,conferir,baixado
pessoaM05_sinal-medo_rep03.mp4,medo,M05,03,minds,16MedoSinalizador05-3.mp4,50632296,conferir,baixado
pessoaM05_sinal-medo_rep04.mp4,medo,M05,04,minds,16MedoSinalizador05-4.mp4,41500600,conferir,baixado
pessoaM05_sinal-medo_rep05.mp4,medo,M05,05,minds,16MedoSinalizador05-5.mp4,59207463,conferir,baixado
pessoaM06_sinal-medo_rep01.mp4,medo,M06,01,minds,16MedoSinalizador06-1.mp4,55019463,conferir,baixado
pessoaM06_sinal-medo_rep02.mp4,medo,M06,02,minds,16MedoSinalizador06-2.mp4,61303817,conferir,baixado
pessoaM06_sinal-medo_rep03.mp4,medo,M06,03,minds,16MedoSinalizador06-3.mp4,63935297,conferir,baixado
pessoaM06_sinal-medo_rep04.mp4,medo,M06,04,minds,16MedoSinalizador06-4.mp4,61144642,conferir,baixado
pessoaM06_sinal-medo_rep05.mp4,medo,M06,05,minds,16MedoSinalizador06-5.mp4,57314104,conferir,baixado
pessoaM08_sinal-medo_rep01.mp4,medo,M08,01,minds,16MedoSinalizador08-1.mp4,53573652,conferir,baixado
pessoaM08_sinal-medo_rep02.mp4,medo,M08,02,minds,16MedoSinalizador08-2.mp4,49289196,conferir,baixado
pessoaM08_sinal-medo_rep03.mp4,medo,M08,03,minds,16MedoSinalizador08-3.mp4,47329844,conferir,baixado
pessoaM08_sinal-medo_rep04.mp4,medo,M08,04,minds,16MedoSinalizador08-4.mp4,47250864,conferir,baixado
pessoaM08_sinal-medo_rep05.mp4,medo,M08,05,minds,16MedoSinalizador08-5.mp4,57810592,conferir,baixado
pessoaM10_sinal-medo_rep01.mp4,medo,M10,01,minds,16MedoSinalizador10-1.mp4,40608383,conferir,baixado
pessoaM10_sinal-medo_rep02.mp4,medo,M10,02,minds,16MedoSinalizador10-2.mp4,50633280,conferir,baixado
pessoaM10_sinal-medo_rep03.mp4,medo,M10,03,minds,16MedoSinalizador10-3.mp4,43307399,conferir,baixado
pessoaM10_sinal-medo_rep04.mp4,medo,M10,04,minds,16MedoSinalizador10-4.mp4,44789508,conferir,baixado
pessoaM10_sinal-medo_rep05.mp4,medo,M10,05,minds,16MedoSinalizador10-5.mp4,38579891,conferir,baixado
pessoaM11_sinal-medo_rep01.mp4,medo,M11,01,minds,16MedoSinalizador11-1.mp4,79921322,conferir,baixado
pessoaM11_sinal-medo_rep02.mp4,medo,M11,02,minds,16MedoSinalizador11-2.mp4,74386478,conferir,baixado
pessoaM11_sinal-medo_rep03.mp4,medo,M11,03,minds,16MedoSinalizador11-3.mp4,75912560,conferir,baixado
pessoaM11_sinal-medo_rep04.mp4,medo,M11,04,minds,16MedoSinalizador11-4.mp4,71422165,conferir,baixado
pessoaM11_sinal-medo_rep05.mp4,medo,M11,05,minds,16MedoSinalizador11-5.mp4,69562195,conferir,baixado
pessoaM12_sinal-medo_rep01.mp4,medo,M12,01,minds,16MedoSinalizador12-1.mp4,63289407,conferir,baixado
pessoaM12_sinal-medo_rep02.mp4,medo,M12,02,minds,16MedoSinalizador12-2.mp4,77840600,conferir,baixado
pessoaM12_sinal-medo_rep03.mp4,medo,M12,03,minds,16MedoSinalizador12-3.mp4,83510435,conferir,baixado
pessoaM12_sinal-medo_rep04.mp4,medo,M12,04,minds,16MedoSinalizador12-4.mp4,64872481,conferir,baixado
pessoaM12_sinal-medo_rep05.mp4,medo,M12,05,minds,16MedoSinalizador12-5.mp4,76823935,conferir,baixado
pessoaV01_sinal-medo_rep01.mp4,medo,V01,01,vlibrasil,videos UFPE (V-LIBRASIL)/data/Com medo_Articulador1.mp4,4477270,conferir,baixado
pessoaV02_sinal-medo_rep01.mp4,medo,V02,01,vlibrasil,videos UFPE (V-LIBRASIL)/data/Com medo_Articulador2.mp4,2897444,conferir,baixado
pessoaV03_sinal-medo_rep01.mp4,medo,V03,01,vlibrasil,videos UFPE (V-LIBRASIL)/data/Com medo_Articulador3.mp4,584208,conferir,baixado
pessoaM01_sinal-ruim_rep01.mp4,ruim,M01,01,minds,17RuimSinalizador01-1.mp4,43422900,sim,baixado
pessoaM01_sinal-ruim_rep02.mp4,ruim,M01,02,minds,17RuimSinalizador01-2.mp4,40200403,sim,baixado
pessoaM01_sinal-ruim_rep03.mp4,ruim,M01,03,minds,17RuimSinalizador01-3.mp4,46268413,sim,baixado
pessoaM01_sinal-ruim_rep04.mp4,ruim,M01,04,minds,17RuimSinalizador01-4.mp4,40774431,sim,baixado
pessoaM01_sinal-ruim_rep05.mp4,ruim,M01,05,minds,17RuimSinalizador01-5.mp4,45136020,sim,baixado
pessoaM02_sinal-ruim_rep01.mp4,ruim,M02,01,minds,17RuimSinalizador02-1.mp4,42158135,sim,baixado
pessoaM02_sinal-ruim_rep02.mp4,ruim,M02,02,minds,17RuimSinalizador02-2.mp4,43760649,sim,baixado
pessoaM02_sinal-ruim_rep03.mp4,ruim,M02,03,minds,17RuimSinalizador02-3.mp4,53479164,sim,baixado
pessoaM02_sinal-ruim_rep04.mp4,ruim,M02,04,minds,17RuimSinalizador02-4.mp4,53226679,sim,baixado
pessoaM02_sinal-ruim_rep05.mp4,ruim,M02,05,minds,17RuimSinalizador02-5.mp4,52740278,sim,baixado
pessoaM05_sinal-ruim_rep01.mp4,ruim,M05,01,minds,17RuimSinalizador05-1.mp4,58917485,sim,baixado
pessoaM05_sinal-ruim_rep02.mp4,ruim,M05,02,minds,17RuimSinalizador05-2.mp4,55448776,sim,baixado
pessoaM05_sinal-ruim_rep03.mp4,ruim,M05,03,minds,17RuimSinalizador05-3.mp4,49712672,sim,baixado
pessoaM05_sinal-ruim_rep04.mp4,ruim,M05,04,minds,17RuimSinalizador05-4.mp4,48153184,sim,baixado
pessoaM05_sinal-ruim_rep05.mp4,ruim,M05,05,minds,17RuimSinalizador05-5.mp4,46971739,sim,baixado
pessoaM06_sinal-ruim_rep01.mp4,ruim,M06,01,minds,17RuimSinalizador06-1.mp4,60900262,sim,baixado
pessoaM06_sinal-ruim_rep02.mp4,ruim,M06,02,minds,17RuimSinalizador06-2.mp4,58406768,sim,baixado
pessoaM06_sinal-ruim_rep03.mp4,ruim,M06,03,minds,17RuimSinalizador06-3.mp4,51454857,sim,baixado
pessoaM06_sinal-ruim_rep04.mp4,ruim,M06,04,minds,17RuimSinalizador06-4.mp4,55500650,sim,baixado
pessoaM06_sinal-ruim_rep05.mp4,ruim,M06,05,minds,17RuimSinalizador06-5.mp4,58141431,sim,baixado
pessoaM08_sinal-ruim_rep01.mp4,ruim,M08,01,minds,17RuimSinalizador08-1.mp4,57563178,sim,baixado
pessoaM08_sinal-ruim_rep02.mp4,ruim,M08,02,minds,17RuimSinalizador08-2.mp4,61679978,sim,baixado
pessoaM08_sinal-ruim_rep03.mp4,ruim,M08,03,minds,17RuimSinalizador08-3.mp4,62485336,sim,baixado
pessoaM08_sinal-ruim_rep04.mp4,ruim,M08,04,minds,17RuimSinalizador08-4.mp4,50579664,sim,baixado
pessoaM08_sinal-ruim_rep05.mp4,ruim,M08,05,minds,17RuimSinalizador08-5.mp4,59354344,sim,baixado
pessoaM10_sinal-ruim_rep01.mp4,ruim,M10,01,minds,17RuimSinalizador10-1.mp4,38757674,sim,baixado
pessoaM10_sinal-ruim_rep02.mp4,ruim,M10,02,minds,17RuimSinalizador10-2.mp4,50339284,sim,baixado
pessoaM10_sinal-ruim_rep03.mp4,ruim,M10,03,minds,17RuimSinalizador10-3.mp4,39917845,sim,baixado
pessoaM10_sinal-ruim_rep04.mp4,ruim,M10,04,minds,17RuimSinalizador10-4.mp4,37975429,sim,baixado
pessoaM10_sinal-ruim_rep05.mp4,ruim,M10,05,minds,17RuimSinalizador10-5.mp4,63079957,sim,baixado
pessoaM11_sinal-ruim_rep01.mp4,ruim,M11,01,minds,17RuimSinalizador11-1.mp4,88011264,sim,baixado
pessoaM11_sinal-ruim_rep02.mp4,ruim,M11,02,minds,17RuimSinalizador11-2.mp4,81986295,sim,baixado
pessoaM11_sinal-ruim_rep03.mp4,ruim,M11,03,minds,17RuimSinalizador11-3.mp4,80489992,sim,baixado
pessoaM11_sinal-ruim_rep04.mp4,ruim,M11,04,minds,17RuimSinalizador11-4.mp4,81377691,sim,baixado
pessoaM11_sinal-ruim_rep05.mp4,ruim,M11,05,minds,17RuimSinalizador11-5.mp4,77352442,sim,baixado
pessoaM12_sinal-ruim_rep01.mp4,ruim,M12,01,minds,17RuimSinalizador12-1.mp4,64841153,sim,baixado
pessoaM12_sinal-ruim_rep02.mp4,ruim,M12,02,minds,17RuimSinalizador12-2.mp4,88362112,sim,baixado
pessoaM12_sinal-ruim_rep03.mp4,ruim,M12,03,minds,17RuimSinalizador12-3.mp4,79595014,sim,baixado
pessoaM12_sinal-ruim_rep04.mp4,ruim,M12,04,minds,17RuimSinalizador12-4.mp4,77484114,sim,baixado
pessoaM12_sinal-ruim_rep05.mp4,ruim,M12,05,minds,17RuimSinalizador12-5.mp4,80742276,sim,baixado
pessoaV01_sinal-ruim_rep01.mp4,ruim,V01,01,vlibrasil,videos UFPE (V-LIBRASIL)/data/Ruim_Articulador1.mp4,921554,sim,baixado
pessoaV02_sinal-ruim_rep01.mp4,ruim,V02,01,vlibrasil,videos UFPE (V-LIBRASIL)/data/Ruim_Articulador2.mp4,957928,sim,baixado
pessoaV03_sinal-ruim_rep01.mp4,ruim,V03,01,vlibrasil,videos UFPE (V-LIBRASIL)/data/Ruim_Articulador3.mp4,3202867,sim,baixado
pessoaM01_sinal-sapo_rep01.mp4,sapo,M01,01,minds,18SapoSinalizador01-1.mp4,36898863,conferir,baixado
pessoaM01_sinal-sapo_rep02.mp4,sapo,M01,02,minds,18SapoSinalizador01-2.mp4,43961098,conferir,baixado
pessoaM01_sinal-sapo_rep03.mp4,sapo,M01,03,minds,18SapoSinalizador01-3.mp4,41600972,conferir,baixado
pessoaM01_sinal-sapo_rep04.mp4,sapo,M01,04,minds,18SapoSinalizador01-4.mp4,46462164,conferir,baixado
pessoaM01_sinal-sapo_rep05.mp4,sapo,M01,05,minds,18SapoSinalizador01-5.mp4,42547824,conferir,baixado
pessoaM02_sinal-sapo_rep01.mp4,sapo,M02,01,minds,18SapoSinalizador02-1.mp4,62664262,conferir,baixado
pessoaM02_sinal-sapo_rep02.mp4,sapo,M02,02,minds,18SapoSinalizador02-2.mp4,46640980,conferir,baixado
pessoaM02_sinal-sapo_rep03.mp4,sapo,M02,03,minds,18SapoSinalizador02-3.mp4,53486605,conferir,baixado
pessoaM02_sinal-sapo_rep04.mp4,sapo,M02,04,minds,18SapoSinalizador02-4.mp4,52527434,conferir,baixado
pessoaM02_sinal-sapo_rep05.mp4,sapo,M02,05,minds,18SapoSinalizador02-5.mp4,45590013,conferir,baixado
pessoaM05_sinal-sapo_rep01.mp4,sapo,M05,01,minds,18SapoSinalizador05-1.mp4,75247101,conferir,baixado
pessoaM05_sinal-sapo_rep02.mp4,sapo,M05,02,minds,18SapoSinalizador05-2.mp4,74590210,conferir,baixado
pessoaM05_sinal-sapo_rep03.mp4,sapo,M05,03,minds,18SapoSinalizador05-3.mp4,72196316,conferir,baixado
pessoaM05_sinal-sapo_rep04.mp4,sapo,M05,04,minds,18SapoSinalizador05-4.mp4,61684658,conferir,baixado
pessoaM05_sinal-sapo_rep05.mp4,sapo,M05,05,minds,18SapoSinalizador05-5.mp4,62710924,conferir,baixado
pessoaM06_sinal-sapo_rep01.mp4,sapo,M06,01,minds,18SapoSinalizador06-1.mp4,68560706,conferir,baixado
pessoaM06_sinal-sapo_rep02.mp4,sapo,M06,02,minds,18SapoSinalizador06-2.mp4,73935363,conferir,baixado
pessoaM06_sinal-sapo_rep03.mp4,sapo,M06,03,minds,18SapoSinalizador06-3.mp4,79237156,conferir,baixado
pessoaM06_sinal-sapo_rep04.mp4,sapo,M06,04,minds,18SapoSinalizador06-4.mp4,67544979,conferir,baixado
pessoaM06_sinal-sapo_rep05.mp4,sapo,M06,05,minds,18SapoSinalizador06-5.mp4,70022350,conferir,baixado
pessoaM08_sinal-sapo_rep01.mp4,sapo,M08,01,minds,18SapoSinalizador08-1.mp4,51827359,conferir,baixado
pessoaM08_sinal-sapo_rep02.mp4,sapo,M08,02,minds,18SapoSinalizador08-2.mp4,57492812,conferir,baixado
pessoaM08_sinal-sapo_rep03.mp4,sapo,M08,03,minds,18SapoSinalizador08-3.mp4,72054683,conferir,baixado
pessoaM08_sinal-sapo_rep04.mp4,sapo,M08,04,minds,18SapoSinalizador08-4.mp4,58323338,conferir,baixado
pessoaM08_sinal-sapo_rep05.mp4,sapo,M08,05,minds,18SapoSinalizador08-5.mp4,59825141,conferir,baixado
pessoaM10_sinal-sapo_rep01.mp4,sapo,M10,01,minds,18SapoSinalizador10-1.mp4,56720907,conferir,baixado
pessoaM10_sinal-sapo_rep02.mp4,sapo,M10,02,minds,18SapoSinalizador10-2.mp4,48467106,conferir,baixado
pessoaM10_sinal-sapo_rep03.mp4,sapo,M10,03,minds,18SapoSinalizador10-3.mp4,46102905,conferir,baixado
pessoaM10_sinal-sapo_rep04.mp4,sapo,M10,04,minds,18SapoSinalizador10-4.mp4,48033626,conferir,baixado
pessoaM10_sinal-sapo_rep05.mp4,sapo,M10,05,minds,18SapoSinalizador10-5.mp4,53532987,conferir,baixado
pessoaM11_sinal-sapo_rep01.mp4,sapo,M11,01,minds,18SapoSinalizador11-1.mp4,73719757,conferir,baixado
pessoaM11_sinal-sapo_rep02.mp4,sapo,M11,02,minds,18SapoSinalizador11-2.mp4,86343871,conferir,baixado
pessoaM11_sinal-sapo_rep03.mp4,sapo,M11,03,minds,18SapoSinalizador11-3.mp4,79243672,conferir,baixado
pessoaM11_sinal-sapo_rep04.mp4,sapo,M11,04,minds,18SapoSinalizador11-4.mp4,93801195,conferir,baixado
pessoaM11_sinal-sapo_rep05.mp4,sapo,M11,05,minds,18SapoSinalizador11-5.mp4,89163756,conferir,baixado
pessoaM12_sinal-sapo_rep01.mp4,sapo,M12,01,minds,18SapoSinalizador12-1.mp4,99312235,conferir,baixado
pessoaM12_sinal-sapo_rep02.mp4,sapo,M12,02,minds,18SapoSinalizador12-2.mp4,105054544,conferir,baixado
pessoaM12_sinal-sapo_rep03.mp4,sapo,M12,03,minds,18SapoSinalizador12-3.mp4,93900975,conferir,baixado
pessoaM12_sinal-sapo_rep04.mp4,sapo,M12,04,minds,18SapoSinalizador12-4.mp4,103641429,conferir,baixado
pessoaM12_sinal-sapo_rep05.mp4,sapo,M12,05,minds,18SapoSinalizador12-5.mp4,94522295,conferir,baixado
pessoaV01_sinal-sapo_rep01.mp4,sapo,V01,01,vlibrasil,videos UFPE (V-LIBRASIL)/data/Rã (sapo)_Articulador1.mp4,4878904,conferir,baixado
pessoaV02_sinal-sapo_rep01.mp4,sapo,V02,01,vlibrasil,videos UFPE (V-LIBRASIL)/data/Rã (sapo)_Articulador2.mp4,4294117,conferir,baixado
pessoaV03_sinal-sapo_rep01.mp4,sapo,V03,01,vlibrasil,videos UFPE (V-LIBRASIL)/data/Rã (sapo)_Articulador3.mp4,1209575,conferir,baixado
